"舊網址","來源頁碼","標題","類型","分類","日期","摘要摘錄","圖片網址","圖片檔名","新slug建議","是否保留","對應新頁面","摘要AI生成","備註"
"https://www.cheetahstem.com/autopage_detail/1/132","1","念念不忘 必有迴響～一位不是明星高中的女孩贏得EGMO銀牌，保送台大！","榜單文章","獵豹菁英","2025-06-29","2024在印度舉辦的InIMC（青少年國際城市數學邀請賽）這個比賽普遍被認為可能是國中組難度最高的國際數學競賽，今年台灣有16位學生出國參賽（由九章數學遴選），身為其中唯一的女生選手，獵豹學子常貽媗同學（TAS)取得台灣選手最佳成績：銀牌!!（3銀 7銅）","https://www.cheetahstem.com/upload/autopage/2025062911590812ydz.jpg","511434055_24318479671077662_1594935942281739885_n _1_.jpg","cheetah-elite-132","保留","students.html","待生成","來源列表頁: https://www.cheetahstem.com/autopage/1/all/1"
"https://www.cheetahstem.com/autopage_detail/1/117","1","獵豹雙姝 數學英雌～國際競賽 脫穎而出","學生成果文章","獵豹菁英","2024-08-19","2024在印度舉辦的InIMC（青少年國際城市數學邀請賽）這個比賽普遍被認為可能是國中組難度最高的國際數學競賽，今年台灣有16位學生出國參賽（由九章數學遴選），身為其中唯一的女生選手，獵豹學子常貽媗同學（TAS)取得台灣選手最佳成績：銀牌!!（3銀 7銅）","https://www.cheetahstem.com/upload/autopage/20240819125152goje0.jpg","數學小雙妹.jpg","cheetah-elite-117","保留","students.html","待生成","來源列表頁: https://www.cheetahstem.com/autopage/1/all/1"
"https://www.cheetahstem.com/autopage_detail/1/118","1","獵豹學子 越級挑戰APX 再現 大滿貫","學生成果文章","獵豹菁英","2024-08-16","恭喜! 陽明交大舉辦的APX高中數理能力檢定中,獵豹學子越級的優異表現，在三個級別都拿到金牌","https://www.cheetahstem.com/upload/autopage/20240819160624hvayn.jpg","APX.jpg","cheetah-elite-118","保留","students.html","待生成","來源列表頁: https://www.cheetahstem.com/autopage/1/all/1"
"https://www.cheetahstem.com/autopage_detail/1/106","1","2023 AMC 華人之冠","學生成果文章","獵豹菁英","2024-07-29","","https://www.cheetahstem.com/upload/autopage/20240729155810myr65.jpg","AMC.jpg","cheetah-elite-106","保留","students.html","待生成","來源列表頁: https://www.cheetahstem.com/autopage/1/all/1"
"https://www.cheetahstem.com/autopage_detail/1/110","1","2023全國高中科學班免試保送三名 獵豹學子獨佔兩名","榜單文章","獵豹菁英","2024-07-29","","https://www.cheetahstem.com/upload/autopage/20240729171924d2tow.jpg","科學班3.jpg","cheetah-elite-110","保留","students.html","待生成","來源列表頁: https://www.cheetahstem.com/autopage/1/all/1"
"https://www.cheetahstem.com/autopage_detail/1/113","1","2024獵豹學子錄取科學班人數再創高峰（至少23人）!!!","榜單文章","獵豹菁英","2024-07-29","錄取建科人數達12人 佔錄取人數近四成","https://www.cheetahstem.com/upload/autopage/20240729174346xdrzi.jpg","2024科學班.jpg","cheetah-elite-113","保留","students.html","待生成","來源列表頁: https://www.cheetahstem.com/autopage/1/all/1"
"https://www.cheetahstem.com/autopage_detail/1/112","1","優秀的孩子 不是正在獵豹 ，就是選擇來獵豹更上層樓！","學生成果文章","獵豹菁英","2024-07-29","2022澳洲AMC數學能力檢定小學高級卷(英文試題)獵豹小學子又創佳績！","https://www.cheetahstem.com/upload/autopage/20240729173805loszp.jpg","澳洲AMC.jpg","cheetah-elite-112","保留","students.html","待生成","來源列表頁: https://www.cheetahstem.com/autopage/1/all/1"
"https://www.cheetahstem.com/autopage_detail/1/111","1","獵豹出手 彈無虛發","學生成果文章","獵豹菁英","2024-07-29","佑安同學（私立復興）以七年級之姿在高中數理資優高手如雲的亞太數學競賽（APMO)初賽第一階段脫穎而出，並取得38分/PR96（滿分49分）的佳績‼️","https://www.cheetahstem.com/upload/autopage/20240729173124qyape.jpg","佑安.jpg","cheetah-elite-111","保留","students.html","待生成","來源列表頁: https://www.cheetahstem.com/autopage/1/all/1"
"https://www.cheetahstem.com/autopage_detail/1/114","1","獵豹才能超越獵豹! 我們締造了難以置信的紀錄!","學生成果文章","獵豹菁英","2024-07-29","","https://www.cheetahstem.com/upload/autopage/20240729174848t8oq6.jpg","IJSO.jpg","cheetah-elite-114","保留","students.html","待生成","來源列表頁: https://www.cheetahstem.com/autopage/1/all/1"
"https://www.cheetahstem.com/autopage_detail/1/107","1","獵豹數學 內外兼具 課外競賽 獨佔鰲頭","學生成果文章","獵豹菁英","2024-07-29","","https://www.cheetahstem.com/upload/autopage/20240729160241a3inr.jpg","數理學科能力競賽.jpg","cheetah-elite-107","保留","students.html","待生成","來源列表頁: https://www.cheetahstem.com/autopage/1/all/1"
"https://www.cheetahstem.com/autopage_detail/1/109","1","獵豹班系至少15位登科學班金榜","榜單文章","獵豹菁英","2024-07-29","","https://www.cheetahstem.com/upload/autopage/202407291715196gvlw.jpg","科學班2.jpg","cheetah-elite-109","保留","students.html","待生成","來源列表頁: https://www.cheetahstem.com/autopage/1/all/1"
"https://www.cheetahstem.com/autopage_detail/1/104","2","良禽擇木而棲 頂尖學子 選擇獵豹","學生成果文章","獵豹菁英","2024-07-29","KAS的玲誼同學再傳佳音!","https://www.cheetahstem.com/upload/autopage/202407291506416sf0f.jpg","吳玲誼.jpg","cheetah-elite-104","保留","students.html","待生成","來源列表頁: https://www.cheetahstem.com/autopage/1/all/2"
"https://www.cheetahstem.com/autopage_detail/1/108","1","高中科學班入學考 FA00數學系列之靈魂拷問（二）","學生成果文章","獵豹菁英","2024-07-29","","https://www.cheetahstem.com/upload/autopage/20240729170631g0prw.jpg","許庭誠.jpg","cheetah-elite-108","保留","students.html","待生成","來源列表頁: https://www.cheetahstem.com/autopage/1/all/1"
"https://www.cheetahstem.com/autopage_detail/1/105","2","高雄美國學校（KAS)的玲誼 SAT1600（滿分）","學生成果文章","獵豹菁英","2024-07-29","高雄美國學校（KAS)的玲誼家學淵源 ，冰雪聰明又勤奮向學的她，在校成績排名第一，SAT1600（滿分），不但學業優異且多才多藝，並積極參與各項課外活動表現亮眼，堪稱時間管理高手","https://www.cheetahstem.com/upload/autopage/20240729151837p016t.jpg","KAS.jpg","cheetah-elite-105","保留","students.html","待生成","來源列表頁: https://www.cheetahstem.com/autopage/1/all/2"
"https://www.cheetahstem.com/autopage_detail/1/102","2","2024年第13屆歐洲女子數學數學奧林匹亞競賽（EGMO) 台灣女孩一金一銀一銅","學生成果文章","獵豹菁英","2024-07-28","","https://www.cheetahstem.com/upload/autopage/20240728182555n5ev2.jpg","陳羿安.jpg","cheetah-elite-102","保留","students.html","待生成","來源列表頁: https://www.cheetahstem.com/autopage/1/all/2"
"https://www.cheetahstem.com/autopage_detail/1/103","2","大家眼中獵豹很cool ,其實 待在獵豹的孩子更COOL！","學生成果文章","獵豹菁英","2024-07-28","","https://www.cheetahstem.com/upload/autopage/202407281846253wtzx.jpg","COOL.jpg","cheetah-elite-103","保留","students.html","待生成","來源列表頁: https://www.cheetahstem.com/autopage/1/all/2"
"https://www.cheetahstem.com/autopage_detail/1/101","2","當學校段考「魔王題」上場，正是獵豹學子展現實力的時刻!","學生成果文章","獵豹菁英","2024-07-24","姿呈20多年前就讀達人女中高一時，和一群同學加入宗翰老師的數學家教班，也是唯一堅持到高三的學生。","https://www.cheetahstem.com/upload/autopage/20240724163022bsks0.jpg","姿呈.jpg","cheetah-elite-101","保留","students.html","待生成","來源列表頁: https://www.cheetahstem.com/autopage/1/all/2"
"https://www.cheetahstem.com/autopage_detail/1/100","2","天道酬勤～獵豹女孩錄取美國CS頂校","榜單文章","獵豹菁英","2024-07-05","","https://www.cheetahstem.com/upload/autopage/20240705160914ypbln.jpg","謝雅丞.jpg","cheetah-elite-100","保留","students.html","待生成","來源列表頁: https://www.cheetahstem.com/autopage/1/all/2"
"https://www.cheetahstem.com/autopage_detail/1/99","2","獵豹學子吳席綸榮獲 2024 亞洲物奧（APHO)金牌","學生成果文章","獵豹菁英","2024-06-29","","https://www.cheetahstem.com/upload/autopage/20240629221010f0lls.jpg","菁英.jpg","cheetah-elite-99","保留","students.html","待生成","來源列表頁: https://www.cheetahstem.com/autopage/1/all/2"
"https://www.cheetahstem.com/autopage_detail/1/122","2","2023 AMC 華人之冠","學生成果文章","獵豹菁英","2023-12-06","獵豹締造大滿貫","https://www.cheetahstem.com/upload/autopage/20240915025624be6bn.jpg","406773030_7299742030044692_4381428510825599821_n.jpg","cheetah-elite-122","保留","students.html","待生成","來源列表頁: https://www.cheetahstem.com/autopage/1/all/2"
"https://www.cheetahstem.com/autopage_detail/1/93","2","獵豹學子 林秉坤 繼全台唯一AMC8滿分, 再傳捷報！！","學生成果文章","獵豹菁英","2023-09-10","全台唯一國中生於第二十五屆台灣高中數學聯賽 （TRML ）榮獲個人賽滿分 ！！","https://www.cheetahstem.com/upload/autopage/20230920032542x171u.jpg","230910.jpg","cheetah-elite-93","保留","students.html","待生成","來源列表頁: https://www.cheetahstem.com/autopage/1/all/2"
"https://www.cheetahstem.com/autopage_detail/1/88","2","～昔年學生多不賤 五陵裘馬自輕肥～","學生成果文章","獵豹菁英","2023-09-01","板橋資優班的學生多數來自板中與前三志願學校，俊彥輩出，有拿下IMO銀牌建中的江泓（台大 哥倫比亞大學博班）、板中全校第一名考上陽明醫科、新北二類榜首考上台大電機..","https://www.cheetahstem.com/upload/autopage/202309011203431yuq1.jpg","334273426_218787137225355_2167633416682625008_n.jpg","cheetah-elite-88","保留","students.html","待生成","來源列表頁: https://www.cheetahstem.com/autopage/1/all/2"
"https://www.cheetahstem.com/autopage_detail/1/21","2","獵豹班系至少13位登2023科學班金榜","榜單文章","獵豹菁英","2023-08-31","","https://www.cheetahstem.com/upload/autopage/20230611211748nyi32.jpg","科學班金榜.jpg","cheetah-elite-21","保留","students.html","待生成","來源列表頁: https://www.cheetahstem.com/autopage/1/all/2"
"https://www.cheetahstem.com/autopage_detail/1/33","2","鄭秉皓微積分心得","學生故事文章","獵豹菁英","2023-08-30","微積分課程是獵豹開給中學資優生的大一先修課，彌補課綱所學不足，讓願意努力學習的孩子能學得深入。對大學理工科系學習及未來就業帶來極大幫助。","https://www.cheetahstem.com/upload/autopage/20230724215857d2bh2.jpg","350097637_182548168101929_8592521628448688769_n.jpg","cheetah-elite-33","保留","students.html","待生成","來源列表頁: https://www.cheetahstem.com/autopage/1/all/2"
"https://www.cheetahstem.com/autopage_detail/1/19","3","獵豹學子 陳羿安 錄取 中一中科學班 學習心得分享","榜單文章","獵豹菁英","2023-08-29","","https://www.cheetahstem.com/upload/autopage/20230611205159w6xkg.jpg","陳羿安.jpg","cheetah-elite-19","保留","students.html","待生成","來源列表頁: https://www.cheetahstem.com/autopage/1/all/3"
"https://www.cheetahstem.com/autopage_detail/1/97","3","獵豹學子 俊彩星馳","學生成果文章","獵豹菁英","2023-08-11","","https://www.cheetahstem.com/upload/autopage/20231106204736bjgxe.jpg","230811.jpg","cheetah-elite-97","保留","students.html","待生成","來源列表頁: https://www.cheetahstem.com/autopage/1/all/3"
"https://www.cheetahstem.com/autopage_detail/1/23","3","～恭喜祥志老師獲 IEEE ECICE 2021 年度最佳論文～","品牌成果文章","獵豹菁英","2023-07-18","～恭喜祥志老師獲 IEEE ECICE 2021 年度最佳論文～","https://www.cheetahstem.com/upload/autopage/20230718171643yckkv.png","20230718獵豹菁英_華祥志psd.png","cheetah-elite-23","保留","about.html","待生成","來源列表頁: https://www.cheetahstem.com/autopage/1/all/3"
"https://www.cheetahstem.com/autopage_detail/1/94","3","獵豹五年四位AMC8滿分","學生成果文章","獵豹菁英","2023-07-10","獵豹五年四位AMC8滿分","https://www.cheetahstem.com/upload/autopage/202309212044519jagm.png","20230710獵豹AMC8四位滿分_繁體.png","cheetah-elite-94","保留","students.html","待生成","來源列表頁: https://www.cheetahstem.com/autopage/1/all/3"
"https://www.cheetahstem.com/autopage_detail/1/35","3","獵豹學子 國際升學放光芒！～AP考試捷報頻傳","學生成果文章","獵豹菁英","2023-07-07","","https://www.cheetahstem.com/upload/autopage/20230727172019d3tu5.jpg","學子1.jpg","cheetah-elite-35","保留","students.html","待生成","來源列表頁: https://www.cheetahstem.com/autopage/1/all/3"
"https://www.cheetahstem.com/autopage_detail/1/25","3","一個小六生熱血勵志的蛻變～菁英的學習態度","學生成果文章","獵豹菁英","2023-07-02","承妘小六時加入獵豹，開始時遭遇了許多困難與挫折，但她沒有放棄，媽媽也陪伴鼓勵她繼續堅持。經過一年的努力，不僅在數學上有長足進步，更提振了自信！後來還參加了Sci課程，積極學習資優自然課程。","https://www.cheetahstem.com/upload/autopage/20230724193644j6ncc.jpg","直播_表揚1.jpg","cheetah-elite-25","保留","students.html","待生成","來源列表頁: https://www.cheetahstem.com/autopage/1/all/3"
"https://www.cheetahstem.com/autopage_detail/1/31","3","AI的工具是電腦 AI的理論建立在數學上","學生成果文章","獵豹菁英","2023-06-23","","https://www.cheetahstem.com/upload/autopage/202307242112416au4l.jpg","353031447_712194404040532_2902695769571656937_n.jpg","cheetah-elite-31","保留","students.html","待生成","來源列表頁: https://www.cheetahstem.com/autopage/1/all/3"
"https://www.cheetahstem.com/autopage_detail/1/29","3","筠傑同學 獵豹學習心得分享","學生故事文章","獵豹菁英","2023-06-23","","https://www.cheetahstem.com/upload/autopage/202307242022334li18.jpg","355850854_6698941740124727_1122563753816293026_n.jpg","cheetah-elite-29","保留","students.html","待生成","來源列表頁: https://www.cheetahstem.com/autopage/1/all/3"
"https://www.cheetahstem.com/autopage_detail/1/38","3","卓越的學習是無心插柳柳成蔭","學生成果文章","獵豹菁英","2023-06-17","許多學生長期習慣於被規畫安排好的學習方式，只學老師有教的，或只做老師指定的作業。但在獵豹課程中，學生們的學習寬廣不受限，在好奇心與求知慾的驅使下，常展現超越預期且富有創造力的作品。","https://www.cheetahstem.com/upload/autopage/202307272108286hsot.jpg","354644168_6676461089039459_3021000934522262457_n.jpg","cheetah-elite-38","保留","students.html","待生成","來源列表頁: https://www.cheetahstem.com/autopage/1/all/3"
"https://www.cheetahstem.com/autopage_detail/1/26","3","思維的飛躍:貝貝運用GGB征服國中數學難題挑戰","學生成果文章","獵豹菁英","2023-06-15","小學三年級的貝貝運用GGB1課程所學征服國中數學難題挑戰","https://www.cheetahstem.com/upload/autopage/202307242055475miyf.jpg","354223528_6669013246450910_5913927953355049102_n.jpg","cheetah-elite-26","保留","students.html","待生成","來源列表頁: https://www.cheetahstem.com/autopage/1/all/3"
"https://www.cheetahstem.com/autopage_detail/1/30","3","AI世代關鍵能力的養成","學生成果文章","獵豹菁英","2023-06-08","如大家所知，是否能持續有好的學習表現，最重要的是孩子自身的學習態度，在獵豹課程中，除了能學到深入的數理和資訊課程，更難能可貴的是，獵豹具挑戰的課程，讓孩子養成逢山開路遇水架橋，遇到困難更加努力去克服，讓自己更成長更進步，","https://www.cheetahstem.com/upload/autopage/20230724203438ltswb.jpg","352779492_271643305337286_2157827412081704764_n.jpg","cheetah-elite-30","保留","students.html","待生成","來源列表頁: https://www.cheetahstem.com/autopage/1/all/3"
"https://www.cheetahstem.com/autopage_detail/1/22","3","數學與程式結合從GGB1開始，讓孩子成為AI時代的贏家","學生成果文章","獵豹菁英","2023-05-31","","https://www.cheetahstem.com/upload/autopage/20230614101109jea1e.jpg","貝貝作品.jpg","cheetah-elite-22","保留","students.html","待生成","來源列表頁: https://www.cheetahstem.com/autopage/1/all/3"
"https://www.cheetahstem.com/autopage_detail/1/34","4","獵豹學子 鍾和穆 錄取 建中科學班 Sci學習心得分享","榜單文章","獵豹菁英","2023-04-27","相信在Sci堅持下來學習的同學們,都能持續在數理上有所表現!","https://www.cheetahstem.com/upload/autopage/20230724220428h9pyx.jpg","343168708_124555993943924_7231603195628085417_n.jpg","cheetah-elite-34","保留","students.html","待生成","來源列表頁: https://www.cheetahstem.com/autopage/1/all/4"
"https://www.cheetahstem.com/autopage_detail/1/45","4","獵豹學子 俊采星馳","學生成果文章","獵豹菁英","2022-12-20","歡迎對數學有熱情、不畏困難的同學參加這個課程（即使這次未能晉級），除了AIME,它對你的數學程度、未來的升學考試、頂大二階筆試…也都大有裨益！","https://www.cheetahstem.com/upload/autopage/20230806052141p2kie.jpg","221220.jpg","cheetah-elite-45","保留","students.html","待生成","來源列表頁: https://www.cheetahstem.com/autopage/1/all/4"
"https://www.cheetahstem.com/autopage_detail/1/44","4","賀KAS吳玲誼同學 錄取 加州理工學院","榜單文章","獵豹菁英","2022-12-17","加州理工的教授、校友傑出者不知凡幾！","https://www.cheetahstem.com/upload/autopage/20230806051714hk264.jpg","221217.jpg","cheetah-elite-44","保留","students.html","待生成","來源列表頁: https://www.cheetahstem.com/autopage/1/all/4"
"https://www.cheetahstem.com/autopage_detail/1/43","4","學的深入些 辛苦有報酬","學生成果文章","獵豹菁英","2022-12-16","再次證明，當考題更有難度、深度時，便是印證獵豹學子實力的時刻！","https://www.cheetahstem.com/upload/autopage/20230806050725s2ob9.jpg","221216.jpg","cheetah-elite-43","保留","students.html","待生成","來源列表頁: https://www.cheetahstem.com/autopage/1/all/4"
"https://www.cheetahstem.com/autopage_detail/1/42","4","獵豹學子 光耀台灣","學生成果文章","獵豹菁英","2022-12-13","數學是科學之母，是理科的基礎。","https://www.cheetahstem.com/upload/autopage/20230806045756ttq6n.jpg","221213.jpg","cheetah-elite-42","保留","students.html","待生成","來源列表頁: https://www.cheetahstem.com/autopage/1/all/4"
"https://www.cheetahstem.com/autopage_detail/1/41","4","獵豹學子 林秉坤（八年級） 錄取清大物培/清大數培菁英班 心得分享","榜單文章","獵豹菁英","2022-12-07","課堂中老師講述深入又豐富，收穫良多。","https://www.cheetahstem.com/upload/autopage/20230806044535vdlc8.jpg","221207.jpg","cheetah-elite-41","保留","students.html","待生成","來源列表頁: https://www.cheetahstem.com/autopage/1/all/4"
"https://www.cheetahstem.com/autopage_detail/1/72","4","宗翰老師&amp;Tim","品牌成果文章","獵豹菁英","2022-09-16","","https://www.cheetahstem.com/upload/autopage/202308240335448u9ji.jpg","220916.jpg","cheetah-elite-72","保留","about.html","待生成","來源列表頁: https://www.cheetahstem.com/autopage/1/all/4"
"https://www.cheetahstem.com/autopage_detail/1/74","4","「學習是條長路— 看台大醫科書卷獎同學訪談有感」","學生成果文章","獵豹菁英","2022-09-02","學習是一條漫漫長路，甚至是終身的志業。","https://www.cheetahstem.com/upload/autopage/20230824040301kjxqo.jpg","220902.jpg","cheetah-elite-74","保留","students.html","待生成","來源列表頁: https://www.cheetahstem.com/autopage/1/all/4"
"https://www.cheetahstem.com/autopage_detail/1/98","4","COPY-「學習是條長路— 看台大醫科書卷獎同學訪談有感」","學生成果文章","獵豹菁英","2022-09-02","學習是一條漫漫長路，甚至是終身的志業。","https://www.cheetahstem.com/upload/autopage/20240628212315yy53c.jpg","220902.jpg","cheetah-elite-98","保留","students.html","待生成","來源列表頁: https://www.cheetahstem.com/autopage/1/all/4"
"https://www.cheetahstem.com/autopage_detail/1/75","4","「獵豹小學系列PK4A貝貝(吳仁惠)小妹學習心得分享」","學生故事文章","獵豹菁英","2022-07-20","獵豹課程充滿挑戰和趣味，讓我學到很多。謝謝楊譯老師在班群回應中融入動漫元素，接受老師思考題的挑戰很有趣！謝謝高微老師課後和大家搶答玩遊戲！每週的課程我都很期待。","https://www.cheetahstem.com/upload/autopage/20230824042143x0yhn.jpg","220720.jpg","cheetah-elite-75","保留","students.html","待生成","來源列表頁: https://www.cheetahstem.com/autopage/1/all/4"
"https://www.cheetahstem.com/autopage_detail/1/12","4","2022國際小學數學競賽(IIMC 2022) 方皇繹(五年級) 獲台灣唯一金牌","學生成果文章","獵豹菁英","2022-07-16","","https://www.cheetahstem.com/upload/autopage/20220716165820pfju1.png","20220706方皇繹IIMC唯一金牌v5.png","cheetah-elite-12","保留","students.html","待生成","來源列表頁: https://www.cheetahstem.com/autopage/1/all/4"
"https://www.cheetahstem.com/autopage_detail/1/24","4","獵豹團隊再增一位博士級老師！","品牌成果文章","獵豹菁英","2022-01-28","獵豹團隊再增一位博士級老師！","https://www.cheetahstem.com/upload/autopage/20230718172731sg3yg.jpg","272755198_3093704270908003_1947873209218373296_n.jpg","cheetah-elite-24","保留","about.html","待生成","來源列表頁: https://www.cheetahstem.com/autopage/1/all/4"
"https://www.cheetahstem.com/autopage_detail/1/67","5","上海剛考完AMC8,接到家長道謝","學生成果文章","獵豹菁英","2022-01-22","這半年孩子進步幅度之大，令家長驚訝，特別向獵豹道謝。","https://www.cheetahstem.com/upload/autopage/20230813074812p0qw8.jpg","220122.jpg","cheetah-elite-67","保留","students.html","待生成","來源列表頁: https://www.cheetahstem.com/autopage/1/all/5"
"https://www.cheetahstem.com/autopage_detail/1/65","5","美國奧數國手選拔的主軸線 頂尖名校的壓軸指標 ——AMC競賽","學生成果文章","獵豹菁英","2021-12-31","2021 AMC 獵豹再度大放光芒！！","https://www.cheetahstem.com/upload/autopage/20230813074506sdyvj.jpg","211231.jpg","cheetah-elite-65","保留","students.html","待生成","來源列表頁: https://www.cheetahstem.com/autopage/1/all/5"
"https://www.cheetahstem.com/autopage_detail/1/64","5","英雄出少年 獵豹學子領風騷！","學生成果文章","獵豹菁英","2021-12-14","歡迎熱愛數學、喜歡思考、不懼挑戰的同學們加入獵豹Pk、J課程！","https://www.cheetahstem.com/upload/autopage/20230813074116kxtof.jpg","211214_02.jpg","cheetah-elite-64","保留","students.html","待生成","來源列表頁: https://www.cheetahstem.com/autopage/1/all/5"
"https://www.cheetahstem.com/autopage_detail/1/63","5","恭喜祥志獲IEEE ECICE 2021 年度最佳論文","品牌成果文章","獵豹菁英","2021-11-29","他從台大電機畢業，直升電信所博班，主修影像處理。","https://www.cheetahstem.com/upload/autopage/20230813073812otgxm.jpg","211129.jpg","cheetah-elite-63","保留","about.html","待生成","來源列表頁: https://www.cheetahstem.com/autopage/1/all/5"
"https://www.cheetahstem.com/autopage_detail/1/62","5","再增一位菁英班學員!","學生成果文章","獵豹菁英","2021-10-05","獵豹學子大放異彩！多位同學以超齡優異表現考入！","https://www.cheetahstem.com/upload/autopage/2023081307350149mes.jpg","211005.jpg","cheetah-elite-62","保留","students.html","待生成","來源列表頁: https://www.cheetahstem.com/autopage/1/all/5"
"https://www.cheetahstem.com/autopage_detail/1/61","5","獵豹x鎮麟聯合推出Sci101理化課程","學生成果文章","獵豹菁英","2021-10-04","帶領孩子們進入不同深度的學習","https://www.cheetahstem.com/upload/autopage/20230813073233ztx95.jpg","211004.jpg","cheetah-elite-61","保留","students.html","待生成","來源列表頁: https://www.cheetahstem.com/autopage/1/all/5"
"https://www.cheetahstem.com/autopage_detail/1/60","5","星媽賀 ～獵豹學子 英雄少年～","學生成果文章","獵豹菁英","2021-09-17","","","","cheetah-elite-60","保留","students.html","待生成","來源列表頁: https://www.cheetahstem.com/autopage/1/all/5"
"https://www.cheetahstem.com/autopage_detail/1/59","5","獵豹數學招賢令","學生成果文章","獵豹菁英","2021-09-01","見識小四的同學也能夠通過 GGB 做出這麼多互動可視化的小程式。","https://www.cheetahstem.com/upload/autopage/202308130723549d8ln.jpg","210901_01.jpg","cheetah-elite-59","保留","students.html","待生成","來源列表頁: https://www.cheetahstem.com/autopage/1/all/5"
"https://www.cheetahstem.com/autopage_detail/1/32","5","獵豹「程式與數學」課程 學員心得分享","學生故事文章","獵豹菁英","2021-08-06","看到網路上的動圖，竟可親自動手做出來，就是很有成就感。","https://www.cheetahstem.com/upload/autopage/202307242149340vwaf.gif","aa6ss-uwylu.gif","cheetah-elite-32","保留","students.html","待生成","來源列表頁: https://www.cheetahstem.com/autopage/1/all/5"
"https://www.cheetahstem.com/autopage_detail/1/58","5","許多在獵豹網課學習的孩子有很亮眼的表現！","學生成果文章","獵豹菁英","2021-05-13","獵豹課程能受到這麼多優秀孩子青睞、家長的肯定，讓推薦他們的我也感到慶幸與驕傲！","","","cheetah-elite-58","保留","students.html","待生成","來源列表頁: https://www.cheetahstem.com/autopage/1/all/5"
"https://www.cheetahstem.com/autopage_detail/1/57","5","要上頂大， 數學科要考好二階筆試—你的學習夠深入嗎？","學生成果文章","獵豹菁英","2021-04-30","大家都明白數學科在大學申請入學上扮演的重要性，近幾年頂尖大學理工科系數學科在二階筆試的重要性更是遠勝學測！","https://www.cheetahstem.com/upload/autopage/202308130702340n87j.jpeg","210430.jpeg","cheetah-elite-57","保留","students.html","待生成","來源列表頁: https://www.cheetahstem.com/autopage/1/all/5"
"https://www.cheetahstem.com/autopage_detail/1/56","5","恭喜韋彥丞同學 獲取哈佛大學博士班獎學金！","學生成果文章","獵豹菁英","2021-04-21","恭喜韋彥丞同學 獲取哈佛大學博士班獎學金！","https://www.cheetahstem.com/upload/autopage/20230813051907cgphf.jpg","210421.jpg","cheetah-elite-56","保留","students.html","待生成","來源列表頁: https://www.cheetahstem.com/autopage/1/all/5"
"https://www.cheetahstem.com/autopage_detail/1/55","6","AMC8滿分 高分錄取建中科學班 吳席綸同學 八週課+1001學員 心得文","榜單文章","獵豹菁英","2021-04-08","獵豹的網課好處很多，不僅省去通車時間，老師也能更了解學生狀況，還能讓世界各地優秀學子同步上課，可謂一舉多得。","","","cheetah-elite-55","保留","students.html","待生成","來源列表頁: https://www.cheetahstem.com/autopage/1/all/6"
"https://www.cheetahstem.com/autopage_detail/1/76","6","2021 USAMO（美國數學奧林匹克競賽）分數線出爐！","學生成果文章","獵豹菁英","2021-04-03","美國是全球IMO競賽的常勝軍 屢屢與中國大陸爭世界冠軍，USAMO是美國選拔IMO國手的主戰場。","https://www.cheetahstem.com/upload/autopage/20230827061935fn02b.jpg","210403_01.jpg","cheetah-elite-76","保留","students.html","待生成","來源列表頁: https://www.cheetahstem.com/autopage/1/all/6"
"https://www.cheetahstem.com/autopage_detail/1/54","6","跟課有感—宗翰老師的震撼教育","品牌成果文章","獵豹菁英","2021-04-01","大家都在嚴格的要求和訓練下,提高了境界 脫胎換骨,到了大考前,老師的學生都達到了一般高中生不可企及的程度了,上了大學,這些累積歷練出來的實力,繼續讓這些孩子們受用,而這都是不間斷的努力,都是在老師課堂上被磨練出來的!","https://www.cheetahstem.com/upload/autopage/20230813045229qb009.jpg","210401_01.jpg","cheetah-elite-54","保留","about.html","待生成","來源列表頁: https://www.cheetahstem.com/autopage/1/all/6"
"https://www.cheetahstem.com/autopage_detail/1/53","6","國七Darren參與AMC10深水區網課心得分享","學生故事文章","獵豹菁英","2021-03-08","謝謝老師們能在網路上給我上課，真的是很有趣的經驗。","","","cheetah-elite-53","保留","students.html","待生成","來源列表頁: https://www.cheetahstem.com/autopage/1/all/6"
"https://www.cheetahstem.com/autopage_detail/1/52","6","獵豹捷報 2020~21 AMC放榜了","學生成果文章","獵豹菁英","2021-02-23","獵豹的孩子大放異采！","","","cheetah-elite-52","保留","students.html","待生成","來源列表頁: https://www.cheetahstem.com/autopage/1/all/6"
"https://www.cheetahstem.com/autopage_detail/1/51","6","2020AMC8滿分國七許庭誠網課心得分享","學生故事文章","獵豹菁英","2021-01-27","獵豹團隊線上課程的學習經驗，是很認真且很方便的，每週我都很期待線上課程的到來。因此，很樂意推薦給真正數學愛好者。","","","cheetah-elite-51","保留","students.html","待生成","來源列表頁: https://www.cheetahstem.com/autopage/1/all/6"
"https://www.cheetahstem.com/autopage_detail/1/50","6","小四方皇繹參與AMC10深水區網課心得分享","學生故事文章","獵豹菁英","2021-01-25","「世有伯樂，然後有千里馬!」您們都是孩子們的貴人，真心希望這些熱愛數學的孩子們，都能有機會接觸到獵豹的優質課程，在各自的舞台上發光發熱，盡展所長。","","","cheetah-elite-50","保留","students.html","待生成","來源列表頁: https://www.cheetahstem.com/autopage/1/all/6"
"https://www.cheetahstem.com/autopage_detail/1/49","6","小五澄澄分享AMC10深水區網課心得","學生故事文章","獵豹菁英","2021-01-23","澄澄和大家分享他的上課心得，也期待澄澄和星在獵豹老師的代領下，繼續努力！","","","cheetah-elite-49","保留","students.html","待生成","來源列表頁: https://www.cheetahstem.com/autopage/1/all/6"
"https://www.cheetahstem.com/autopage_detail/1/48","6","星分享參與AMC10網課心得","學生故事文章","獵豹菁英","2021-01-21","我很喜歡這樣有挑戰性的網課，希望能繼續參加！","https://www.cheetahstem.com/upload/autopage/20230813041652agpbm.jpg","210121_01.jpg","cheetah-elite-48","保留","students.html","待生成","來源列表頁: https://www.cheetahstem.com/autopage/1/all/6"
"https://www.cheetahstem.com/autopage_detail/1/46","6","恭喜 ！ 一位昔日學生王紹宣博士 獲得國際性獎項","學生成果文章","獵豹菁英","2021-01-03","這是一個國際性的獎項。","https://www.cheetahstem.com/upload/autopage/20230810013628cwqn4.jpg","210103.jpg","cheetah-elite-46","保留","students.html","待生成","來源列表頁: https://www.cheetahstem.com/autopage/1/all/6"
"https://www.cheetahstem.com/autopage_detail/1/68","6","AMC8台灣與中國大陸成績已出爐","學生成果文章","獵豹菁英","2020-11-09","AMC8台灣與中國大陸成績已出爐","https://www.cheetahstem.com/upload/autopage/20230813082744hwp2p.jpg","201209.jpg","cheetah-elite-68","保留","students.html","待生成","來源列表頁: https://www.cheetahstem.com/autopage/1/all/6"
"https://www.cheetahstem.com/autopage_detail/1/20","6","一位雙修台大醫科 電機 的高手","學生成果文章","獵豹菁英","2020-10-20","這些特殊孩子的學習經驗有許多值得大家參考的地方，得到老師允許，也在此和大家分享。","https://www.cheetahstem.com/upload/autopage/20230611210734igiwg.jpg","張瑋宸.jpg","cheetah-elite-20","保留","students.html","待生成","來源列表頁: https://www.cheetahstem.com/autopage/1/all/6"
